------------------------------------------------------------
-- ENDERECO
------------------------------------------------------------
INSERT INTO endereco VALUES
('01001000', 'Rua A', '100', 'São Paulo', 'SP'),
('02002000', 'Rua B', '200', 'Campinas', 'SP'),
('03003000', 'Rua C', '300', 'Santos', 'SP'),
('04004000', 'Rua D', '400', 'Sorocaba', 'SP'),
('05005000', 'Rua E', '500', 'Ribeirão Preto', 'SP');

------------------------------------------------------------
-- USUARIO
------------------------------------------------------------
INSERT INTO usuario VALUES
('11111111111', 'CLIENTE',       '01001000', 'Rua A', '100', 'Lucas', 'lucas1@email.com', 'senha1', '2000-01-01'),
('22222222222', 'GERENTE',       '02002000', 'Rua B', '200', 'Maria', 'maria2@email.com', 'senha2', '1995-02-02'),
('33333333333', 'ADMINISTRADOR', '03003000', 'Rua C', '300', 'João',  'joao3@email.com', 'senha3', '1990-03-03'),
('44444444444', 'CLIENTE',       '04004000', 'Rua D', '400', 'Ana',   'ana4@email.com', 'senha4', '1998-04-04'),
('55555555555', 'GERENTE',       '05005000', 'Rua E', '500', 'Pedro', 'pedro5@email.com', 'senha5', '1985-05-05');

------------------------------------------------------------
-- PROVEDORA
------------------------------------------------------------
INSERT INTO provedora VALUES
('000000000000001'),
('000000000000002'),
('000000000000003'),
('000000000000004'),
('000000000000005');

------------------------------------------------------------
-- GERENTE
------------------------------------------------------------
INSERT INTO gerente VALUES
('22222222222', '000000000000001'),
('55555555555', '000000000000002'),
('11111111111', '000000000000003'),
('33333333333', '000000000000004'),
('44444444444', '000000000000005');

------------------------------------------------------------
-- CLIENTE
------------------------------------------------------------
INSERT INTO cliente VALUES
('11111111111', 100),
('44444444444', 160);

------------------------------------------------------------
-- ADMINISTRADOR
------------------------------------------------------------
INSERT INTO administrador VALUES
('33333333333');

------------------------------------------------------------
-- INFRAESTRUTURA  (conforme você enviou)
------------------------------------------------------------
INSERT INTO infraestrutura VALUES
('INFRA001', '000000000000001', 'Totem de recarga',      '01001000', 'Rua A', '100'),
('INFRA002', '000000000000002', 'Totem de recarga',      '02002000', 'Rua B', '200'),
('INFRA003', '000000000000003', 'Totem de recarga',      '03003000', 'Rua C', '300'),
('INFRA004', '000000000000004', 'Base de carregamento',  '04004000', 'Rua D', '400'),
('INFRA005', '000000000000005', 'Base de carregamento',  '05005000', 'Rua E', '500');

------------------------------------------------------------
-- REPORTE DE PROBLEMA
------------------------------------------------------------
INSERT INTO reporte_de_problema (usuario, infraestrutura, provedora, titulo, descricao) VALUES
('11111111111', 'INFRA001', '000000000000001', 'Queda', 'Sem energia'),
('22222222222', 'INFRA002', '000000000000002', 'Falha', 'Oscilações'),
('33333333333', 'INFRA003', '000000000000003', 'Pane',  'Sistema travado'),
('44444444444', 'INFRA004', '000000000000004', 'Ruído', 'Som estranho'),
('55555555555', 'INFRA005', '000000000000005', 'Instabilidade', 'Sinal fraco');

------------------------------------------------------------
-- AVALIACAO
------------------------------------------------------------
INSERT INTO avaliacao (infraestrutura, provedora, cliente, nota, descricao) VALUES
('INFRA001', '000000000000001', '11111111111', 5, 'Excelente'),
('INFRA004', '000000000000004', '44444444444', 2, 'Ruim');

------------------------------------------------------------
-- BICICLETA
------------------------------------------------------------
INSERT INTO bicicleta VALUES
('BIKE001', '000000000000001', 'Modelo A', 1000, 90, 'ESTACIONADO', 'INFRA001'),
('BIKE002', '000000000000002', 'Modelo B', 1100, 85, 'ESTACIONADO', 'INFRA002'),
('BIKE003', '000000000000003', 'Modelo C', 1200, 80, 'ESTACIONADO', 'INFRA003'),
('BIKE004', '000000000000004', 'Modelo D', 1300, 75, 'ESTACIONADO', 'INFRA004'),
('BIKE005', '000000000000005', 'Modelo E', 1400, 70, 'ESTACIONADO', 'INFRA005');

------------------------------------------------------------
-- CARRO
------------------------------------------------------------
INSERT INTO carro VALUES
('AAA1111', '11111111111', 300, 200, 'Tipo1', 'Carro A'),
('DDD4444', '44444444444', 360, 230, 'Tipo4', 'Carro D');

------------------------------------------------------------
-- TOTENS DE RECARGA (devem usar infraestrutura existente)
------------------------------------------------------------
INSERT INTO totens_de_recarga VALUES
('INFRA001', '000000000000001', 50, 10, 220, 'Modelo T1', 30, 'ATIVO'),
('INFRA002', '000000000000002', 55, 11, 220, 'Modelo T2', 32, 'ATIVO'),
('INFRA003', '000000000000003', 60, 12, 220, 'Modelo T3', 34, 'ATIVO'),
('INFRA004', '000000000000004', 65, 13, 220, 'Modelo T4', 36, 'ATIVO'),
('INFRA005', '000000000000005', 70, 14, 220, 'Modelo T5', 38, 'ATIVO');

------------------------------------------------------------
-- HORARIO TOTENS
------------------------------------------------------------
INSERT INTO horario_totens VALUES
('INFRA001', '[2025-01-01 08:00,2025-01-01 12:00)', '000000000000001'),
('INFRA002', '[2025-01-02 08:00,2025-01-02 12:00)', '000000000000002'),
('INFRA003', '[2025-01-03 08:00,2025-01-03 12:00)', '000000000000003'),
('INFRA004', '[2025-01-04 08:00,2025-01-04 12:00)', '000000000000004'),
('INFRA005', '[2025-01-05 08:00,2025-01-05 12:00)', '000000000000005');

------------------------------------------------------------
-- MANUTENÇÃO DE INFRAESTRUTURA (AGORA COM ENUM CORRETO)
-- ENUM: ANDAMENTO | CONCLUIDO | AGENDADO | PENDENTE
------------------------------------------------------------
INSERT INTO manutencao_infraestrutura
(horario, status, infraestrutura, provedora, gerente)
VALUES
('[2025-02-01 10:00,2025-02-01 15:00)', 'ANDAMENTO', 'INFRA001', '000000000000001', '22222222222'),
('[2025-02-02 09:00,2025-02-02 14:00)', 'CONCLUIDO', 'INFRA002', '000000000000002', '55555555555'),
('[2025-02-03 11:00,2025-02-03 16:00)', 'PENDENTE',  'INFRA003', '000000000000003', '11111111111'),
('[2025-02-04 08:00,2025-02-04 13:00)', 'AGENDADO',  'INFRA004', '000000000000004', '33333333333'),
('[2025-02-05 10:00,2025-02-05 15:00)', 'CONCLUIDO', 'INFRA005', '000000000000005', '44444444444');

------------------------------------------------------------
-- SESSÃO DE RECARGA
------------------------------------------------------------
INSERT INTO sessao_recarga VALUES
('INFRA001', '000000000000001', '2025-01-10 10:00', '2025-01-10', 'AAA1111', 20.5, 15, 0.123),
('INFRA004', '000000000000004', '2025-01-13 10:00', '2025-01-13', 'DDD4444', 23.5, 18, 0.153);

------------------------------------------------------------
-- PONTOS DE RETIRADA
-- Também precisam existir em “infraestrutura”
------------------------------------------------------------
INSERT INTO pontos_de_retirada VALUES
('INFRA001', '000000000000001', 10, 'ATIVO', 220, 5),
('INFRA002', '000000000000002', 15, 'ATIVO', 220, 6),
('INFRA003', '000000000000003', 20, 'ATIVO', 220, 7),
('INFRA004', '000000000000004', 25, 'ATIVO', 220, 8),
('INFRA005', '000000000000005', 30, 'ATIVO', 220, 9);

------------------------------------------------------------
-- RETIRADA DE BICICLETA
------------------------------------------------------------
INSERT INTO retirada_bicicleta VALUES
('BIKE001', 'INFRA001', '000000000000001'),
('BIKE002', 'INFRA002', '000000000000002'),
('BIKE003', 'INFRA003', '000000000000003'),
('BIKE004', 'INFRA004', '000000000000004'),
('BIKE005', 'INFRA005', '000000000000005');

------------------------------------------------------------
-- ALUGUEL
------------------------------------------------------------
INSERT INTO aluguel VALUES
('2025-01-15 09:00', '2025-01-15', 'BIKE001', '11111111111', 'INFRA001', 'INFRA002', '2025-01-15 09:30', 5, 8),
('2025-01-18 12:00', '2025-01-18', 'BIKE004', '44444444444', 'INFRA004', 'INFRA005', '2025-01-18 12:55', 8, 11);
