INSERT INTO endereco VALUES
('01001000', 'Rua A', '100', 'São Paulo', 'SP'),
('02002000', 'Rua B', '200', 'Campinas', 'SP'),
('03003000', 'Rua C', '300', 'Santos', 'SP'),
('04004000', 'Rua D', '400', 'Sorocaba', 'SP'),
('05005000', 'Rua E', '500', 'Ribeirão Preto', 'SP');

INSERT INTO usuario VALUES
('11111111111', 'Cliente', '01001000', 'Rua A', '100', 'Lucas', 'lucas1@email.com', 'senha1', '2000-01-01'),
('22222222222', 'Gerente', '02002000', 'Rua B', '200', 'Maria', 'maria2@email.com', 'senha2', '1995-02-02'),
('33333333333', 'Administrador', '03003000', 'Rua C', '300', 'João', 'joao3@email.com', 'senha3', '1990-03-03'),
('44444444444', 'Cliente', '04004000', 'Rua D', '400', 'Ana', 'ana4@email.com', 'senha4', '1998-04-04'),
('55555555555', 'Gerente', '05005000', 'Rua E', '500', 'Pedro', 'pedro5@email.com', 'senha5', '1985-05-05');

INSERT INTO provedora VALUES
('000000000000001'),
('000000000000002'),
('000000000000003'),
('000000000000004'),
('000000000000005');

INSERT INTO gerente VALUES
('22222222222', '000000000000001'),
('55555555555', '000000000000002'),
('11111111111', '000000000000003'),
('33333333333', '000000000000004'),
('44444444444', '000000000000005');

INSERT INTO cliente VALUES
('11111111111', 100),
('22222222222', 120),
('33333333333', 140),
('44444444444', 160),
('55555555555', 180);

INSERT INTO administrador VALUES
('11111111111'),
('22222222222'),
('33333333333'),
('44444444444'),
('55555555555');

INSERT INTO infraestrutura VALUES
('INFRA001', '000000000000001', 'Torre', '01001000', 'Rua A', '100'),
('INFRA002', '000000000000002', 'Estação', '02002000', 'Rua B', '200'),
('INFRA003', '000000000000003', 'Base', '03003000', 'Rua C', '300'),
('INFRA004', '000000000000004', 'Antena', '04004000', 'Rua D', '400'),
('INFRA005', '000000000000005', 'Hub', '05005000', 'Rua E', '500');

INSERT INTO reporte_de_problema (usuario, infraestrutura, titulo, descricao) VALUES
('11111111111', 'INFRA001', 'Queda', 'Sem energia'),
('22222222222', 'INFRA002', 'Falha', 'Oscilações'),
('33333333333', 'INFRA003', 'Pane', 'Sistema travado'),
('44444444444', 'INFRA004', 'Ruído', 'Som estranho'),
('55555555555', 'INFRA005', 'Instabilidade', 'Sinal fraco');

INSERT INTO avaliacao (infraestrutura, cliente, nota, descricao) VALUES
('INFRA001', '11111111111', 5, 'Excelente'),
('INFRA002', '22222222222', 4, 'Bom'),
('INFRA003', '33333333333', 3, 'Regular'),
('INFRA004', '44444444444', 2, 'Ruim'),
('INFRA005', '55555555555', 1, 'Péssimo');

INSERT INTO bicicleta VALUES
('BIKE001', '000000000000001', 'Modelo A', 1000, 90, 'ativo', 'INFRA001'),
('BIKE002', '000000000000002', 'Modelo B', 1100, 85, 'ativo', 'INFRA002'),
('BIKE003', '000000000000003', 'Modelo C', 1200, 80, 'ativo', 'INFRA003'),
('BIKE004', '000000000000004', 'Modelo D', 1300, 75, 'ativo', 'INFRA004'),
('BIKE005', '000000000000005', 'Modelo E', 1400, 70, 'ativo', 'INFRA005');

INSERT INTO carro VALUES
('AAA1111', '11111111111', 300, 200, 'Tipo1', 'Carro A'),
('BBB2222', '22222222222', 320, 210, 'Tipo2', 'Carro B'),
('CCC3333', '33333333333', 340, 220, 'Tipo3', 'Carro C'),
('DDD4444', '44444444444', 360, 230, 'Tipo4', 'Carro D'),
('EEE5555', '55555555555', 380, 240, 'Tipo5', 'Carro E');

INSERT INTO totens_de_recarga VALUES
('TOTEM001', '000000000000001', 50, 10, 220, 'Tipo1', 30, 'ativo'),
('TOTEM002', '000000000000002', 55, 11, 220, 'Tipo2', 32, 'ativo'),
('TOTEM003', '000000000000003', 60, 12, 220, 'Tipo3', 34, 'ativo'),
('TOTEM004', '000000000000004', 65, 13, 220, 'Tipo4', 36, 'ativo'),
('TOTEM005', '000000000000005', 70, 14, 220, 'Tipo5', 38, 'ativo');

INSERT INTO horario_totens VALUES
('TOTEM001', '[2025-01-01 08:00,2025-01-01 12:00)', '000000000000001'),
('TOTEM002', '[2025-01-02 08:00,2025-01-02 12:00)', '000000000000002'),
('TOTEM003', '[2025-01-03 08:00,2025-01-03 12:00)', '000000000000003'),
('TOTEM004', '[2025-01-04 08:00,2025-01-04 12:00)', '000000000000004'),
('TOTEM005', '[2025-01-05 08:00,2025-01-05 12:00)', '000000000000005');

INSERT INTO manutencao_infraestrutura (horario, status, infraestrutura, gerente) VALUES
('[2025-02-01 10:00,2025-02-01 15:00)', 'Em andamento', 'INFRA001', '22222222222'),
('[2025-02-02 10:00,2025-02-02 15:00)', 'Concluido', 'INFRA002', '55555555555'),
('[2025-02-03 10:00,2025-02-03 15:00)', 'Pendente', 'INFRA003', '11111111111'),
('[2025-02-04 10:00,2025-02-04 15:00)', 'Agendado', 'INFRA004', '33333333333'),
('[2025-02-05 10:00,2025-02-05 15:00)', 'Finalizado', 'INFRA005', '44444444444');

INSERT INTO sessao_recarga VALUES
('TOTEM001', '2025-01-10 10:00', '2025-01-10', 'AAA1111', 20.5, 15, 0.123),
('TOTEM002', '2025-01-11 10:00', '2025-01-11', 'BBB2222', 21.5, 16, 0.133),
('TOTEM003', '2025-01-12 10:00', '2025-01-12', 'CCC3333', 22.5, 17, 0.143),
('TOTEM004', '2025-01-13 10:00', '2025-01-13', 'DDD4444', 23.5, 18, 0.153),
('TOTEM005', '2025-01-14 10:00', '2025-01-14', 'EEE5555', 24.5, 19, 0.163);

INSERT INTO pontos_de_retirada VALUES
('PONTO001', 10, 'ativo', 220, 5, '000000000000001'),
('PONTO002', 15, 'ativo', 220, 6, '000000000000002'),
('PONTO003', 20, 'ativo', 220, 7, '000000000000003'),
('PONTO004', 25, 'ativo', 220, 8, '000000000000004'),
('PONTO005', 30, 'ativo', 220, 9, '000000000000005');

INSERT INTO retirada_bicicleta VALUES
('BIKE001', 'PONTO001'),
('BIKE002', 'PONTO002'),
('BIKE003', 'PONTO003'),
('BIKE004', 'PONTO004'),
('BIKE005', 'PONTO005');

INSERT INTO aluguel VALUES
('2025-01-15 09:00', '2025-01-15', 'BIKE001', '11111111111', 'PONTO001', 'PONTO002', '2025-01-15 09:30', 5, 8),
('2025-01-16 10:00', '2025-01-16', 'BIKE002', '22222222222', 'PONTO002', 'PONTO003', '2025-01-16 10:40', 6, 9),
('2025-01-17 11:00', '2025-01-17', 'BIKE003', '33333333333', 'PONTO003', 'PONTO004', '2025-01-17 11:50', 7, 10),
('2025-01-18 12:00', '2025-01-18', 'BIKE004', '44444444444', 'PONTO004', 'PONTO005', '2025-01-18 12:55', 8, 11),
('2025-01-19 13:00', '2025-01-19', 'BIKE005', '55555555555', 'PONTO005', 'PONTO001', '2025-01-19 13:50', 9, 12);
