------------------------------------------------------------
-- ENDERECO
------------------------------------------------------------
INSERT INTO endereco VALUES
('01001000', 'Rua A', '100', 'São Paulo', 'SP'),
('02002000', 'Rua B', '200', 'Campinas', 'SP'),
('03003000', 'Rua C', '300', 'Santos', 'SP'),
('04004000', 'Rua D', '400', 'Sorocaba', 'SP'),
('05005000', 'Rua E', '500', 'Ribeirão Preto', 'SP');

------------------------------------------------------------
-- USUARIO
------------------------------------------------------------
INSERT INTO usuario VALUES
('11111111111', 'CLIENTE',       '01001000', 'Rua A', '100', 'Lucas', 'lucas1@email.com', '$2a$10$LdpOeh7KGB4Vfv/SbO6LNuB10PL7Dtsl7iRmM7zh0NJqgyuLXpWQ6', '2000-01-01'), -- SENHA: senha1
('22222222222', 'GERENTE',       '02002000', 'Rua B', '200', 'Maria', 'maria2@email.com', '$2a$10$rWpOEfsgvy2jjNivyACO7OKv5ANBE2iPfVF0cfaV7U6gN1zuU3ptC', '1995-02-02'), -- SENHA: senha2
('33333333333', 'ADMINISTRADOR', '03003000', 'Rua C', '300', 'João',  'joao3@email.com', '$2a$10$tO8NXRDlx3oIkTq6UzXRi.EhkPt9cNwH.2yTwaD05nA4Nq4LtAZwm', '1990-03-03'), -- SENHA: senha3
('44444444444', 'CLIENTE',       '04004000', 'Rua D', '400', 'Ana',   'ana4@email.com', '$2a$10$J0ypmwpExhkf53dR5in4iuYeeqXymAKAORLtjFx2X1Er9RmDuCx8i', '1998-04-04'), -- SENHA: senha4
('55555555555', 'GERENTE',       '05005000', 'Rua E', '500', 'Pedro', 'pedro5@email.com', '$2a$10$RePv8WgHwurrCWYUEpJ0LOQlxLtcCCbSUf486H5Om1FaTOk2gc.cC', '1985-05-05'); -- SENHA: senha5

------------------------------------------------------------
-- PROVEDORA
------------------------------------------------------------
INSERT INTO provedora VALUES
('000000000000001'),
('000000000000002'),
('000000000000003'),
('000000000000004'),
('000000000000005');

------------------------------------------------------------
-- GERENTE
------------------------------------------------------------
INSERT INTO gerente VALUES
('22222222222', '000000000000001'),
('55555555555', '000000000000002'),
('11111111111', '000000000000003'),
('33333333333', '000000000000004'),
('44444444444', '000000000000005');

------------------------------------------------------------
-- CLIENTE
------------------------------------------------------------
INSERT INTO cliente VALUES
('11111111111', 100),
('44444444444', 160);

------------------------------------------------------------
-- ADMINISTRADOR
------------------------------------------------------------
INSERT INTO administrador VALUES
('33333333333');

------------------------------------------------------------
-- INFRAESTRUTURA
------------------------------------------------------------
INSERT INTO infraestrutura VALUES
('INFRA001', '000000000000001', 'Totem de recarga',      '01001000', 'Rua A', '100'),
('INFRA002', '000000000000002', 'Totem de recarga',      '02002000', 'Rua B', '200'),
('INFRA003', '000000000000003', 'Totem de recarga',      '03003000', 'Rua C', '300'),
('INFRA004', '000000000000004', 'Base de carregamento',  '04004000', 'Rua D', '400'),
('INFRA005', '000000000000005', 'Base de carregamento',  '05005000', 'Rua E', '500');

------------------------------------------------------------
-- REPORTE DE PROBLEMA
------------------------------------------------------------
INSERT INTO reporte_de_problema (usuario, infraestrutura, provedora, titulo, descricao) VALUES
('11111111111', 'INFRA001', '000000000000001', 'Queda', 'Sem energia'),
('22222222222', 'INFRA002', '000000000000002', 'Falha', 'Oscilações'),
('33333333333', 'INFRA003', '000000000000003', 'Pane',  'Sistema travado'),
('44444444444', 'INFRA004', '000000000000004', 'Ruído', 'Som estranho'),
('55555555555', 'INFRA005', '000000000000005', 'Instabilidade', 'Sinal fraco');

-- Provedora 000000000000001
INSERT INTO reporte_de_problema (usuario, infraestrutura, provedora, titulo, descricao) VALUES
('11111111111', 'INFRA001', '000000000000001', 'Pane elétrica', 'Energia instável'),
('11111111111', 'INFRA001', '000000000000001', 'Falha de software', 'Tela travando'),
('11111111111', 'INFRA001', '000000000000001', 'Vazamento', 'Água no painel'),
('11111111111', 'INFRA001', '000000000000001', 'Sensor defeituoso', 'Não detecta bicicleta'),
('11111111111', 'INFRA001', '000000000000001', 'Conector solto', 'Problema no cabo');

-- Provedora 000000000000002
INSERT INTO reporte_de_problema (usuario, infraestrutura, provedora, titulo, descricao) VALUES
('22222222222', 'INFRA002', '000000000000002', 'Pane elétrica', 'Energia instável'),
('22222222222', 'INFRA002', '000000000000002', 'Falha de software', 'Tela travando'),
('22222222222', 'INFRA002', '000000000000002', 'Vazamento', 'Água no painel'),
('22222222222', 'INFRA002', '000000000000002', 'Sensor defeituoso', 'Não detecta bicicleta'),
('22222222222', 'INFRA002', '000000000000002', 'Conector solto', 'Problema no cabo');

------------------------------------------------------------
-- AVALIACAO
------------------------------------------------------------
INSERT INTO avaliacao (infraestrutura, provedora, cliente, nota, descricao) VALUES
('INFRA001', '000000000000001', '11111111111', 5, 'Excelente'),
('INFRA004', '000000000000004', '44444444444', 2, 'Ruim');

-- Provedora 000000000000001
INSERT INTO avaliacao (infraestrutura, provedora, cliente, nota, descricao) VALUES
('INFRA001', '000000000000001', '11111111111', 4, 'Bom'),
('INFRA001', '000000000000001', '11111111111', 3, 'Regular'),
('INFRA001', '000000000000001', '11111111111', 5, 'Ótimo'),
('INFRA001', '000000000000001', '11111111111', 2, 'Ruim'),
('INFRA001', '000000000000001', '11111111111', 4, 'Bom');

-- Provedora 000000000000002
INSERT INTO avaliacao (infraestrutura, provedora, cliente, nota, descricao) VALUES
('INFRA002', '000000000000002', '44444444444', 3, 'Regular'),
('INFRA002', '000000000000002', '44444444444', 4, 'Bom'),
('INFRA002', '000000000000002', '44444444444', 5, 'Ótimo'),
('INFRA002', '000000000000002', '44444444444', 2, 'Ruim'),
('INFRA002', '000000000000002', '44444444444', 3, 'Regular');


------------------------------------------------------------
-- BICICLETA
------------------------------------------------------------
INSERT INTO bicicleta VALUES
('BIKE001', '000000000000001', 'Modelo A', 1000, 90, 'ESTACIONADO', 'INFRA001'),
('BIKE002', '000000000000002', 'Modelo B', 1100, 85, 'ESTACIONADO', 'INFRA002'),
('BIKE003', '000000000000003', 'Modelo C', 1200, 80, 'ESTACIONADO', 'INFRA003'),
('BIKE004', '000000000000004', 'Modelo D', 1300, 75, 'ESTACIONADO', 'INFRA004'),
('BIKE005', '000000000000005', 'Modelo E', 1400, 70, 'ESTACIONADO', 'INFRA005');

-- Provedora 000000000000001
INSERT INTO bicicleta VALUES
('BIKE006', '000000000000001', 'Modelo F', 1500, 65, 'EM_USO', 'INFRA001'),
('BIKE007', '000000000000001', 'Modelo G', 1550, 60, 'EM_USO', 'INFRA001'),
('BIKE008', '000000000000001', 'Modelo H', 1600, 55, 'ESTACIONADO', 'INFRA001'),
('BIKE009', '000000000000001', 'Modelo I', 1650, 50, 'EM_USO', 'INFRA001'),
('BIKE010', '000000000000001', 'Modelo J', 1700, 45, 'FORA_DE_SERVICO', 'INFRA001');

-- Provedora 000000000000002
INSERT INTO bicicleta VALUES
('BIKE011', '000000000000002', 'Modelo K', 1500, 65, 'EM_USO', 'INFRA002'),
('BIKE012', '000000000000002', 'Modelo L', 1550, 60, 'EM_USO', 'INFRA002'),
('BIKE013', '000000000000002', 'Modelo M', 1600, 55, 'FORA_DE_SERVICO', 'INFRA002'),
('BIKE014', '000000000000002', 'Modelo N', 1650, 50, 'ESTACIONADO', 'INFRA002'),
('BIKE015', '000000000000002', 'Modelo O', 1700, 45, 'ESTACIONADO', 'INFRA002');

------------------------------------------------------------
-- CARRO
------------------------------------------------------------
INSERT INTO carro VALUES
('AAA1111', '11111111111', 300, 200, 'Tipo1', 'Carro A'),
('DDD4444', '44444444444', 360, 230, 'Tipo4', 'Carro D');

------------------------------------------------------------
-- TOTENS DE RECARGA
------------------------------------------------------------
INSERT INTO totens_de_recarga VALUES
('INFRA001', '000000000000001', 50, 10, 220, 'Modelo T1', 30, 'ATIVO'),
('INFRA002', '000000000000002', 55, 11, 220, 'Modelo T2', 32, 'ATIVO'),
('INFRA003', '000000000000003', 60, 12, 220, 'Modelo T3', 34, 'ATIVO'),
('INFRA004', '000000000000004', 65, 13, 220, 'Modelo T4', 36, 'ATIVO'),
('INFRA005', '000000000000005', 70, 14, 220, 'Modelo T5', 38, 'ATIVO');

------------------------------------------------------------
-- HORARIO TOTENS
------------------------------------------------------------
INSERT INTO horario_totens VALUES
('INFRA001', '[2025-01-01 08:00,2025-01-01 12:00)', '000000000000001'),
('INFRA002', '[2025-01-02 08:00,2025-01-02 12:00)', '000000000000002'),
('INFRA003', '[2025-01-03 08:00,2025-01-03 12:00)', '000000000000003'),
('INFRA004', '[2025-01-04 08:00,2025-01-04 12:00)', '000000000000004'),
('INFRA005', '[2025-01-05 08:00,2025-01-05 12:00)', '000000000000005');

------------------------------------------------------------
-- MANUTENÇÃO DE INFRAESTRUTURA
------------------------------------------------------------
INSERT INTO manutencao_infraestrutura
(horario, status, infraestrutura, provedora, gerente)
VALUES
('[2025-02-01 10:00,2025-02-01 15:00)', 'ANDAMENTO', 'INFRA001', '000000000000001', '22222222222'),
('[2025-02-02 09:00,2025-02-02 14:00)', 'CONCLUIDO', 'INFRA002', '000000000000002', '55555555555'),
('[2025-02-03 11:00,2025-02-03 16:00)', 'PENDENTE',  'INFRA003', '000000000000003', '11111111111'),
('[2025-02-04 08:00,2025-02-04 13:00)', 'AGENDADO',  'INFRA004', '000000000000004', '33333333333'),
('[2025-02-05 10:00,2025-02-05 15:00)', 'CONCLUIDO', 'INFRA005', '000000000000005', '44444444444');

------------------------------------------------------------
-- SESSÃO DE RECARGA
------------------------------------------------------------
INSERT INTO sessao_recarga VALUES
('INFRA001', '000000000000001', '2025-01-10 10:00', '2025-01-10', 'AAA1111', 20.5, 0.130, 0.123),
('INFRA004', '000000000000004', '2025-01-13 10:00', '2025-01-13', 'DDD4444', 23.5, 0.132, 0.153);

-- Provedora 000000000000001 (INFRA001)
INSERT INTO sessao_recarga (totem, provedora, horario_inicio, data, carro, valor, kwh_consumidos, emissao_co2) VALUES
('INFRA001', '000000000000001', '2025-01-21 08:00', '2025-01-21', 'AAA1111', 21.0, 0.130, 0.123),
('INFRA001', '000000000000001', '2025-01-21 10:00', '2025-01-21', 'AAA1111', 22.0, 0.135, 0.124),
('INFRA001', '000000000000001', '2025-01-22 08:00', '2025-01-22', 'AAA1111', 23.0, 0.140, 0.125),
('INFRA001', '000000000000001', '2025-01-23 08:00', '2025-01-23', 'AAA1111', 22.5, 0.136, 0.127),
('INFRA001', '000000000000001', '2025-01-23 10:00', '2025-01-23', 'AAA1111', 23.5, 0.138, 0.128),
('INFRA001', '000000000000001', '2025-01-24 08:00', '2025-01-24', 'AAA1111', 24.0, 0.140, 0.129),
('INFRA001', '000000000000001', '2025-01-24 10:00', '2025-01-24', 'AAA1111', 25.0, 0.142, 0.130),
('INFRA001', '000000000000001', '2025-01-25 08:00', '2025-01-25', 'AAA1111', 26.0, 0.145, 0.131),
('INFRA001', '000000000000001', '2025-01-25 10:00', '2025-01-25', 'AAA1111', 27.0, 0.148, 0.132),
('INFRA001', '000000000000001', '2025-01-26 08:00', '2025-01-26', 'AAA1111', 28.0, 0.150, 0.133),
('INFRA001', '000000000000001', '2025-01-26 10:00', '2025-01-26', 'AAA1111', 29.0, 0.152, 0.134),
('INFRA001', '000000000000001', '2025-01-27 10:00', '2025-01-27', 'AAA1111', 31.0, 0.158, 0.136),
('INFRA001', '000000000000001', '2025-01-28 08:00', '2025-01-28', 'AAA1111', 32.0, 0.160, 0.137),
('INFRA001', '000000000000001', '2025-01-29 08:00', '2025-01-29', 'AAA1111', 34.0, 0.165, 0.139),
('INFRA001', '000000000000001', '2025-01-29 10:00', '2025-01-29', 'AAA1111', 35.0, 0.168, 0.140),
('INFRA001', '000000000000001', '2025-01-30 08:00', '2025-01-30', 'AAA1111', 36.0, 0.170, 0.141);


-- Provedora 000000000000002 (INFRA002)
INSERT INTO sessao_recarga (totem, provedora, horario_inicio, data, carro, valor, kwh_consumidos, emissao_co2) VALUES
('INFRA002', '000000000000002', '2025-01-21 08:00', '2025-01-21', 'DDD4444', 21.0, 0.130, 0.123),
('INFRA002', '000000000000002', '2025-01-21 10:00', '2025-01-21', 'DDD4444', 22.0, 0.135, 0.124),
('INFRA002', '000000000000002', '2025-01-22 10:00', '2025-01-22', 'DDD4444', 21.5, 0.132, 0.126),
('INFRA002', '000000000000002', '2025-01-23 08:00', '2025-01-23', 'DDD4444', 22.5, 0.136, 0.127),
('INFRA002', '000000000000002', '2025-01-23 10:00', '2025-01-23', 'DDD4444', 23.5, 0.138, 0.128),
('INFRA002', '000000000000002', '2025-01-24 08:00', '2025-01-24', 'DDD4444', 24.0, 0.140, 0.129),
('INFRA002', '000000000000002', '2025-01-24 10:00', '2025-01-24', 'DDD4444', 25.0, 0.142, 0.130),
('INFRA002', '000000000000002', '2025-01-25 08:00', '2025-01-25', 'DDD4444', 26.0, 0.145, 0.131),
('INFRA002', '000000000000002', '2025-01-25 10:00', '2025-01-25', 'DDD4444', 27.0, 0.148, 0.132),
('INFRA002', '000000000000002', '2025-01-26 10:00', '2025-01-26', 'DDD4444', 29.0, 0.152, 0.134),
('INFRA002', '000000000000002', '2025-01-27 08:00', '2025-01-27', 'DDD4444', 30.0, 0.155, 0.135),
('INFRA002', '000000000000002', '2025-01-27 10:00', '2025-01-27', 'DDD4444', 31.0, 0.158, 0.136),
('INFRA002', '000000000000002', '2025-01-28 08:00', '2025-01-28', 'DDD4444', 32.0, 0.160, 0.137),
('INFRA002', '000000000000002', '2025-01-28 10:00', '2025-01-28', 'DDD4444', 33.0, 0.162, 0.138),
('INFRA002', '000000000000002', '2025-01-29 08:00', '2025-01-29', 'DDD4444', 34.0, 0.165, 0.139),
('INFRA002', '000000000000002', '2025-01-29 10:00', '2025-01-29', 'DDD4444', 35.0, 0.168, 0.140),
('INFRA002', '000000000000002', '2025-01-30 08:00', '2025-01-30', 'DDD4444', 36.0, 0.170, 0.141);

------------------------------------------------------------
-- PONTOS DE RETIRADA
------------------------------------------------------------
INSERT INTO pontos_de_retirada VALUES
('INFRA001', '000000000000001', 10, 'ATIVO', 220, 5),
('INFRA002', '000000000000002', 15, 'ATIVO', 220, 6),
('INFRA003', '000000000000003', 20, 'ATIVO', 220, 7),
('INFRA004', '000000000000004', 25, 'ATIVO', 220, 8),
('INFRA005', '000000000000005', 30, 'ATIVO', 220, 9);

------------------------------------------------------------
-- RETIRADA DE BICICLETA
------------------------------------------------------------
INSERT INTO retirada_bicicleta (bicicleta, ponto_retirada, provedora, data) VALUES
('BIKE001', 'INFRA001', '000000000000001', '2025-01-01 08:00'),
('BIKE006', 'INFRA001', '000000000000001', '2025-01-01 09:00'),
('BIKE007', 'INFRA001', '000000000000001', '2025-01-01 10:00'),
('BIKE008', 'INFRA001', '000000000000001', '2025-01-01 11:00'),
('BIKE009', 'INFRA001', '000000000000001', '2025-01-01 12:00'),
('BIKE010', 'INFRA001', '000000000000001', '2025-01-01 13:00'),
('BIKE001', 'INFRA001', '000000000000001', '2025-01-02 08:00'),
('BIKE006', 'INFRA001', '000000000000001', '2025-01-02 09:00'),
('BIKE007', 'INFRA001', '000000000000001', '2025-01-02 10:00'),
('BIKE008', 'INFRA001', '000000000000001', '2025-01-02 11:00'),
('BIKE009', 'INFRA001', '000000000000001', '2025-01-02 12:00'),
('BIKE010', 'INFRA001', '000000000000001', '2025-01-02 13:00'),
('BIKE001', 'INFRA001', '000000000000001', '2025-01-03 08:00'),
('BIKE006', 'INFRA001', '000000000000001', '2025-01-03 09:00'),
('BIKE007', 'INFRA001', '000000000000001', '2025-01-03 10:00'),
('BIKE008', 'INFRA001', '000000000000001', '2025-01-03 11:00'),
('BIKE009', 'INFRA001', '000000000000001', '2025-01-03 12:00'),
('BIKE010', 'INFRA001', '000000000000001', '2025-01-03 13:00'),
('BIKE001', 'INFRA001', '000000000000001', '2025-01-04 08:00'),
('BIKE006', 'INFRA001', '000000000000001', '2025-01-04 09:00');

INSERT INTO retirada_bicicleta (bicicleta, ponto_retirada, provedora, data) VALUES
('BIKE002', 'INFRA002', '000000000000002', '2025-01-01 08:00'),
('BIKE011', 'INFRA002', '000000000000002', '2025-01-01 09:00'),
('BIKE012', 'INFRA002', '000000000000002', '2025-01-01 10:00'),
('BIKE013', 'INFRA002', '000000000000002', '2025-01-01 11:00'),
('BIKE014', 'INFRA002', '000000000000002', '2025-01-01 12:00'),
('BIKE015', 'INFRA002', '000000000000002', '2025-01-01 13:00'),
('BIKE002', 'INFRA002', '000000000000002', '2025-01-02 08:00'),
('BIKE011', 'INFRA002', '000000000000002', '2025-01-02 09:00'),
('BIKE012', 'INFRA002', '000000000000002', '2025-01-02 10:00'),
('BIKE013', 'INFRA002', '000000000000002', '2025-01-02 11:00'),
('BIKE014', 'INFRA002', '000000000000002', '2025-01-02 12:00'),
('BIKE015', 'INFRA002', '000000000000002', '2025-01-02 13:00'),
('BIKE002', 'INFRA002', '000000000000002', '2025-01-03 08:00'),
('BIKE011', 'INFRA002', '000000000000002', '2025-01-03 09:00'),
('BIKE012', 'INFRA002', '000000000000002', '2025-01-03 10:00'),
('BIKE013', 'INFRA002', '000000000000002', '2025-01-03 11:00'),
('BIKE014', 'INFRA002', '000000000000002', '2025-01-03 12:00'),
('BIKE015', 'INFRA002', '000000000000002', '2025-01-03 13:00'),
('BIKE002', 'INFRA002', '000000000000002', '2025-01-04 08:00'),
('BIKE011', 'INFRA002', '000000000000002', '2025-01-04 09:00');

------------------------------------------------------------
-- ALUGUEL
------------------------------------------------------------
INSERT INTO aluguel VALUES
('2025-01-15 09:00', '2025-01-15', 'BIKE001', '11111111111', 'INFRA001', 'INFRA002', '2025-01-15 09:30', 5, 8),
('2025-01-18 12:00', '2025-01-18', 'BIKE004', '44444444444', 'INFRA004', 'INFRA005', '2025-01-18 12:55', 8, 11);
